"1,991",1.645,7.946,10.304,1.6,16.468,5.44,3.42,9.586,0.9,17.55,22.308,2.2,6.984,2.468,11.1,1.13,3.168,1.639,4.7,2.927,6.896,12.17,1.374,13.82,0.6,9.64,10.316,3.213,5.561,19.858,1.818,6.597,5.23,8.933,2.37,10.12,5.37,8.31,13.539,3,2.27,5.316,27.078,9.099,6.878,20.6,4.332,1.468,9.38,5.329,15.929,3.259,6.503,4.633,9.134,17.22,8.55,2.7,3.489,9.561,4.519,7.285,7.572,2.675,3.509,3.066,12.046,1.8,4.58,11.14,7.327,8.5,2.617,15.771,13.387,6.85,8.714,11.1,2.548,10.097,6.281,21.311,2.059,2.788,1,4.834,2.394,2.407,0.888,0.9,2.485,8.61,16.528,14.661,2.68,15.449,1.1,1.482,2.7,18.69,13.59,1.9,29.933,6.14,24.5,1.317,0.878,5.687,3.01,9.888,6.357,9.541,0.795,4.876,3.145,3.694,2.825,19.14,18.05,3.741,8.054,7.285,5.407,10.539,10.614,4.148,6.451,4.961,11.718,2.839,3.77,0.586,13.635,16.18,3.919,5.1,8.244,13.348,5.133,12.304,7.29,1.976,14.899,3.243,2.18,7.08,12.154,4.056,2.86,19.037,17.085,12.203,14.417,7.53,6.75,20.57,0.669,4.045,2.63,1.9,3.329,1.4,15.977,1.35,8.21,18.52,3.6,3.404,6.8,8.95,1.9,19.77,9.45,11.989,2.162,8.009,2.1,8.17,20.105,18.9,4.796
"1,992",1.73,7.94,30.007,1.8,16.621,6.36,3.59,10.733,1.8,18.481,22.94,2.253,6.702,2.505,15.3,1.042,3.141,1.51,4.772,3.028,7.086,14.81,1.381,16.331,3.1,9.657,11.197,3.312,5.672,19.866,2.344,6.7,4.35,9.012,2.37,9.44,3.93,8.786,13.459,2.09,2.6,6.323,26.931,9.027,6.671,24.38,4.291,3.681,8.92,5.483,17.697,3.382,11.595,4.657,10.203,17.701,9.772,5.4,4.7,9.681,4.549,7.487,8.927,2.631,3.837,3.13,11.9,1.96,3.06,10.934,7.405,9.942,2.734,15.021,14.08,6.853,8.434,10.659,4.305,9.321,6.438,19.93,2.158,2.893,1.1,4.55,2.427,2.513,0.879,1,2.702,8.268,16.544,14.22,2.747,15.405,1.2,2.029,6.6,18.92,13.85,3.7,30.128,6.251,26.3,1.408,0.826,5.866,2.197,9.954,6.353,9.473,0.796,5.036,3.235,3.71,2.996,18.922,18.642,3.705,7.941,5.555,5.91,10.547,10.667,4.258,6.298,5.098,11.85,2.651,3.882,0.583,13.645,16.93,3.985,4.98,8.26,13.447,5.181,12.118,7.2,1.864,14.971,5.722,3.09,7.823,12.206,4.248,2.919,19.247,17.28,12.267,14.576,7.88,6.955,20.961,0.66,4.189,1.35,2.1,3.292,1.5,15.647,1.351,8.509,19.66,3.68,3.498,7.5,8.96,2.9,19.541,7.69,12.271,2.128,7.982,2.438,8.114,20.369,19.544,4.933
"1,993",1.915,7.961,25.251,5.3,17.074,10.1,4.25,10.879,4.5,19.422,24.54,2.32,8.078,2.432,16.4,0.943,3.112,1.494,4.87,3.049,6.03,12.72,1.394,18.762,8.5,9.78,11.377,3.39,5.735,19.933,3.551,5.868,4.49,9.118,2.69,7.8,3.95,9.28,13.327,2.7,4.349,7.675,27.509,10.719,6.305,26.23,4.367,6.544,10.92,5.554,22.156,3.236,16.201,4.71,11.321,17.78,10.346,5.4,5.238,9.727,4.527,7.639,10.177,2.593,5.527,3.179,11.668,1.96,3.097,10.709,7.582,12.098,2.782,15.571,12.741,6.859,8.442,10.574,5.257,10.212,6.284,19.7,2.539,2.97,1.223,4.597,2.53,2.878,0.8,1.11,2.727,8.275,16.8,13.82,2.7,15.531,13.8,2.33,16.7,19.102,14.076,3.7,30.401,6.3,27.7,1.342,0.801,5.861,2.057,9.757,6.349,9.529,0.792,4.967,3.365,4.11,2.872,19.096,18.82,3.92,7.96,6.287,5.965,10.56,9.804,4.106,6.348,4.828,11.899,2.422,3.897,0.588,14.393,16.91,5.301,5.06,8.24,13.555,5.883,12.167,7.075,1.842,14.803,9.33,3.07,8.51,12.2,4.27,2.872,19.208,15.64,12.102,14.413,9.94,7.4,21.715,0.7,4.47,1.49,6.2,3.257,1.5,15.986,1.3,8.962,19.81,3.881,3.445,6.9,8.35,4.9,19.66,6.6,12.446,2.051,8.326,2.686,8.338,20.295,19.7,4.993
"1,994",1.841,7.98,20.835,6.6,17.105,11.76,3.535,9.724,6.3,20.251,22.98,2.381,9.645,2.58,12.8,1.08,3.133,1.455,4.964,3.08,6.578,13.83,1.391,21.2,12.8,11.1,10.395,3.345,5.757,20.179,3.58,5.045,5.87,8.854,2.9,8.25,4.05,8.811,13.021,2.7,4.284,8.727,27.422,8.036,6.267,27.74,4.373,7.561,10.93,5.598,24.209,3.1,16.426,4.623,12.593,17.805,9.648,8.4,5.895,9.862,4.481,7.745,9.808,2.576,7.6,3.203,11.598,1.9,3.136,10.332,7.97,10.847,4.366,14.544,9.934,6.828,8.298,10.449,5.326,11.086,6.388,16.915,2.89,2.947,1.34,4.593,2.639,2.476,0.7,7.54,2.631,8.364,17,13.03,2.664,15.587,13.8,3.48,18.7,19.411,13.917,5.8,30.366,6.09,30,1.444,0.771,5.709,2.48,9.873,6.346,9.531,0.791,5.333,4.436,3.64,2.856,19.4,18.956,3.959,7.773,7.159,5.349,10.552,8.354,4.17,6.439,4.526,12.103,2.454,3.796,0.591,14.825,14.6,6.709,4.41,8.17,13.509,8.131,12.287,6.88,1.816,14.923,9.58,3.03,8.24,13.654,4.316,2.932,19.686,12.7,12.224,14.376,7.68,7.5,21.704,0.711,4.184,1.347,8.8,3.278,4.7,16.038,1.708,8.577,18.44,3.847,3.424,6.119,9.04,7.3,19.958,8.56,12.247,1.98,8.145,2.995,8.34,20.073,18.645,4.96
"1,995",1.8,7.967,14.607,6.7,16.711,18.8,4.353,8.473,7.2,21.063,19.66,2.446,9.337,2.532,11.1,1.117,3.088,1.307,5.059,2.665,7.092,10.83,1.392,21.395,17.7,12.48,9.489,3.233,5.709,20.146,3.094,4.1,4.7,8.585,3,8.72,5.18,8.27,12.977,2.6,4.083,8.158,27.607,6.992,6.431,31.84,4.372,9.659,11.04,5.464,22.675,3.021,17.005,4.674,11.834,17.414,8.694,7.6,6.479,9.983,4.437,7.787,10.117,2.573,7.9,3.168,11.622,3.22,3.24,9.995,7.56,10.168,4.611,11.97,8.782,6.99,8.488,9.895,5.196,11.661,6.378,14.6,3.15,2.847,1.435,4.709,2.659,2.063,0.694,10.98,2.6,8.456,15.83,12.27,2.588,15.771,17.54,2.918,19,19.483,14.089,5.3,30.178,6.078,35.6,1.394,0.757,5.5,3.581,9.674,6.342,9.59,0.79,4.884,7.095,3.15,2.755,21.319,18.635,4.041,7.491,7.158,6.307,10.565,6.461,4.262,6.51,4.737,12.05,2.633,3.71,0.596,13.695,13.93,7.064,3.4,8.01,13.4,9.449,12.094,6.44,1.849,14.931,8.897,3.3,7.15,13.109,4.21,2.84,19.477,8.39,12.238,14.323,7.65,7.2,21.65,0.751,3.986,1.1,10.3,3.3,8.3,16.36,2.007,7.644,17.22,3.659,3.197,5.65,10.02,7.8,19.984,10.24,11.811,1.959,8.198,3.239,8.987,19.799,16.825,5.573
"1,996",1.836,7.941,13.928,9.3,16.013,17.11,5.291,8.509,8.1,21.84,14.71,2.51,9.483,2.448,12.5,1.254,3.095,1.25,5.142,2.375,8.035,11.46,1.392,21.593,24.4,13.82,9.62,3.117,5.676,19.995,3.684,4.04,7.414,8.06,3.12,11.81,6.16,7.61,12.945,3.1,3.852,8.822,27.461,6.844,6.48,28.315,4.387,9.915,9,5.394,22.142,3.137,15.572,4.649,12.367,17.354,8.189,11.5,7.084,10.036,4.461,7.84,10.402,2.623,8.283,3.063,11.602,2.83,4.37,9.68,7.319,10.022,4.861,11.692,8.455,7.147,8.559,9.1,3.6,11.864,6.675,13.7,3.383,2.777,1.512,4.813,2.693,2.048,0.7,12.96,2.453,8.444,16.33,11.35,2.371,15.681,16.4,3.286,20.7,19.322,13.434,7.9,29.837,6.082,38.8,1.35,0.762,5.533,4.249,9.673,6.339,9.502,1.023,4.929,5.465,2.52,2.752,22.837,18.64,3.944,7.164,6.421,5.036,10.56,6.29,4.345,6.525,4.95,12.015,2.751,3.637,0.591,12.684,13.64,7.298,8.15,6.74,13.2,9.665,11.696,5.845,1.88,14.902,9.547,3.57,6.886,11.341,4.21,2.826,19.394,10.88,12.217,14.319,7.68,7.225,22.076,0.701,3.624,1.071,13.4,3.315,10.3,16.07,2.414,6.629,16.25,3.466,3.182,5.451,11.93,10.7,20.328,11.77,11.699,1.93,8.153,3.51,9.588,19.643,15.3,6.161
"1,997",1.908,7.92,16.872,10.8,15.928,14.82,5.157,8.367,9.1,22.727,14.61,2.699,8.95,2.414,13.7,1.196,3.147,1.102,5.254,2.08,9.003,9.76,1.395,21.041,17.1,12.68,9.101,3.14,5.633,19.862,4.127,3.965,7.136,7.86,3.23,12.14,5.68,7.1,13.102,3.4,4.674,9.861,27.446,5.4,6.314,25.43,4.389,10.369,8.37,5.494,20.698,3.245,14.968,4.741,12.566,17.201,7.072,11.5,7.637,9.866,4.423,7.881,10.472,2.608,9.67,3.03,11.62,2.22,3.32,9.71,6.968,8.991,4.684,10.192,9.751,7.335,8.319,9.69,3.72,11.985,6.758,13.737,3.374,2.819,1.577,4.584,2.782,2.608,0.7,13.01,2.36,8.62,20.47,10.6,2.176,15.796,14.13,2.527,14.9,19.439,14.04,7.9,29.844,5.963,36,1.34,0.765,5.611,3.261,9.694,6.335,9.383,1.257,4.69,4.235,2.45,2.7,24.45,18.382,3.873,7.132,5.511,4.687,10.596,6.857,4.278,6.423,4.784,11.945,2.87,3.618,0.596,10.964,13.8,6.571,5.36,5.515,13.8,11.813,11.31,5.322,2.003,14.577,10.359,2.5,6.658,11.894,4.251,2.76,19.033,10.56,11.909,14.404,7.98,7.314,22.5,0.732,3.636,0.873,13.9,3.346,11,15.94,2.864,6.841,15.01,3.336,3.222,5,11.44,10.9,20.106,11.16,11.465,2.87,8.287,3.775,10.224,19.679,13.305,6.93
"1,998",2.071,7.941,20.042,9.4,16.148,12.65,5.493,7.684,10,23.633,12.4,2.891,9.323,2.44,12.2,1.179,3.191,1.051,5.368,2.122,10.15,7.65,1.4,20.86,14,14.31,8.279,3.169,5.602,19.88,3.568,4.1,7.307,7.696,3.24,15,5.33,6.23,13.146,3.3,6.455,9.787,27.269,5.039,6.295,26.855,4.35,9.51,8.03,5.589,18.673,3.489,13.215,4.758,12.074,17.184,6.198,14.53,8.2,9.784,4.461,7.933,12.227,2.608,7.74,3.416,11.718,4.58,4.02,11.392,7.159,8.925,5.459,7.699,10.749,7.517,8.126,10.367,3.069,12.117,6.915,13.832,4.078,2.841,1.666,4.636,2.974,6.963,0.7,13.13,2.303,8.565,21.6,9.17,2.038,15.887,13.711,2.763,14.454,19.271,13.411,10,29.936,5.896,34.5,1.269,0.772,5.751,4.607,9.863,6.331,9.26,1.491,4.915,3.733,3.2,2.646,23.083,18.619,3.836,7.232,4.394,3.737,10.608,7.718,4.342,6.297,5.11,11.853,2.871,3.712,0.6,9.935,13.46,4.64,4.417,5.63,13.7,13.261,11.438,4.769,2.136,14.603,8.941,3.41,7.4,12.421,4.159,2.751,18.947,10.63,11.939,14.393,7.1,7.382,23.204,0.727,3.789,3.404,16.5,3.408,12.2,15.476,3.36,6.888,14.21,3.279,3.418,4.511,9.362,13.3,20.503,11.15,11.247,2.29,8.285,4.123,10.83,19.821,12,6.385
"1,999",2.197,7.953,20.835,11.2,16.392,14.05,4.707,6.876,10.9,24.572,10.61,3.082,8.649,2.55,14.1,1.174,3.146,0.951,5.46,2.3,11.125,7.45,1.4,18.231,12.8,12.84,7.583,3.206,5.593,20.096,3.053,4.421,11.158,7.596,3.25,20.06,5.9,6.26,13.161,5.532,8.702,8.854,26.955,5.142,6.305,28.545,4.642,11.573,7.95,5.683,15.475,3.714,11.693,4.709,11.981,17.599,6.042,13.8,10.1,9.643,4.488,8.002,12.138,2.566,13.95,3.558,11.785,6.25,3.85,13.559,7.2,6.929,6.358,5.804,11.183,7.682,8.042,11.176,2.178,11.681,6.875,13.759,4.677,2.877,1.768,4.558,3.166,6.342,0.7,13.46,2.165,8.735,18.09,8.88,2.021,16.145,13.388,2.39,13.79,19.306,13.94,11.14,30.191,5.82,32.4,1.287,0.762,5.84,6.348,9.912,6.328,9.275,1.728,4.993,2.598,3.43,2.675,21.67,18.292,3.898,7.197,3.623,3.247,10.624,7.023,4.417,6.285,5.02,11.745,2.943,3.758,0.602,12.29,11.81,4.579,5.343,6.239,13.7,13.036,11.711,4.346,2.17,14.651,7.607,4.85,7.33,16.099,4.198,2.665,18.951,13.6,11.989,14.353,7.3,7.6,23.849,0.752,3.892,2.968,15.4,3.66,12.7,15.21,3.714,7.687,13.12,3.215,3.454,4.219,10.466,13.3,20.524,14.53,10.869,2.33,8.352,4.487,11.46,19.926,12.496,6
"2,000",2.25,7.955,19.023,11.097,16.502,15,4.694,6.288,11.78,25.473,9.35,3.27,6.586,2.681,16.218,1.138,3.145,0.865,5.532,2.442,10.892,7.235,1.652,15.88,12.171,10.808,6.829,3.224,5.546,19.854,2.658,4.835,10.491,7.534,3.26,20.52,5.08,5.45,13.116,4.766,8.764,7.917,26.862,4.476,6.432,29.77,4.8,13.36,8.98,5.724,13.785,3.502,11.135,4.705,10.218,17.827,5.558,10.82,10.456,9.639,4.591,8.033,11.345,2.605,15.32,3.576,11.901,4.92,3.881,16.064,8.441,6.563,6.078,4.318,11.102,7.856,8.095,11.699,1.936,10.834,6.807,13.7,4.748,2.876,1.873,4.402,3.147,4.063,0.8,12.75,2.057,8.594,16.49,7.74,2.035,16.143,15.931,2.345,14.211,19.168,13.58,8.539,30.249,5.8,32.2,1.347,0.731,5.985,6.874,9.903,6.324,9.132,1.97,5.034,2.646,3,2.831,20.3,17.986,3.87,7.188,2.725,3.458,10.622,6.13,4.396,6.322,4.965,11.608,2.92,3.77,0.597,16.314,10.08,3.806,7.61,6.969,12.6,10.581,11.805,4.57,2.402,14.869,5.466,3.7,6.92,18.546,4.081,2.648,18.781,12.975,12.205,14.4,6.96,9.589,24.518,0.792,4.151,2.389,14.972,3.596,11.75,14.94,4.12,6.495,12.1,3.127,3.52,3.992,12.627,12.286,20.792,13.99,10.469,2.26,8.321,4.732,11.561,19.841,12.93,5.682
"2,001",2.442,7.958,18.57,10.995,16.539,17.32,4.012,6.747,10.91,26.461,9.85,3.614,6.178,2.742,19.921,1.171,3.164,0.766,5.609,2.626,10.649,6.87,1.9,18.54,11.523,9.07,7.219,3.233,5.589,19.858,2.49,5.199,10.39,7.46,3.8,15.04,6.051,4.08,13.313,4.043,8.128,7.773,26.78,4.164,7.262,27.3,4.252,13.135,9.26,5.784,10.348,3.174,10.291,4.698,8.61,17.801,4.696,11.16,9.604,9.571,4.595,8.16,10.764,2.746,13.213,3.195,11.802,5.09,4,15.822,9.744,5.671,6.082,3.684,11.812,8.039,8.288,12.356,1.874,9.599,6.686,14.7,5.02,2.868,1.966,4.379,3.16,3.699,0.8,10.43,1.891,8.456,18.556,7.9,2.125,16.05,16.84,1.805,13.821,19.186,12.46,7.366,30.308,5.35,30.52,1.264,0.7,6.107,6.393,10.002,7.107,9.14,3.062,5.202,2.627,3.53,2.84,20.986,17.447,3.827,7.22,2.119,3.738,10.615,5.433,4.337,6.429,5.067,11.678,2.801,3.698,0.595,18.373,11.4,3.829,6.206,6.562,12.8,8.978,11.828,4.618,2.583,14.825,4.73,3.76,5.685,19.149,4.161,2.68,18.883,12.137,12.166,15.73,6.96,11.63,25.2,0.789,4.102,2.6,14.566,3.483,10.898,14.4,4.479,8.381,10.88,2.994,3.517,4.731,15.052,11.254,21.1,13.04,10.583,2.76,8.47,4.96,11.725,19.725,13.41,5.314
"2,002",2.657,7.939,17.891,10.872,16.342,19.59,4.86,6.375,10.04,27.414,10.32,3.967,6.91,2.855,18.11,1.184,3.18,0.69,5.695,2.606,10.641,9.05,1.851,21.272,10.837,10.04,7.665,3.165,5.625,19.656,2.924,5.516,10.168,6.711,4.24,14.481,6.396,3.31,13.434,3.336,7.281,8.482,26.761,4.274,6.779,25.9,4.825,10.026,10.01,5.814,11.146,3.061,10.423,4.77,8.702,17.372,5.037,12.59,8.698,9.965,4.549,8.245,10.346,2.748,11.39,3.222,11.81,7.28,4.02,15.053,11.044,5.608,6.604,4.216,12.888,8.248,8.636,12.8,2.988,9.211,6.654,15.3,5.386,2.903,2.07,4.369,3.12,3.046,1.1,9.33,1.785,8.225,20.39,8.76,2.211,16.045,13.008,2.621,13.829,19.198,11.59,6.845,30.277,5.52,31.94,1.297,0.685,6.2,6.267,10.076,6.902,8.205,4.142,5.229,3.003,3.48,2.906,21.51,17.079,3.618,7.523,2.554,4.022,10.655,5.282,4.374,6.419,4.84,11.71,2.754,3.615,0.597,19.895,11.94,4.497,9.393,8.112,13.8,7.875,11.557,5.265,2.635,14.767,4.965,5.65,5.927,18.541,3.901,2.808,18.893,11.233,12.116,17.63,6.2,10.94,25.734,0.768,4.085,1.82,14.148,3.326,10.1,14.55,4.837,10.358,10.39,3.021,3.5,5.783,16.648,10.224,20.617,16.17,10.817,2.12,8.654,4.978,11.842,19.658,14.125,5.007
"2,003",2.902,7.922,16.985,10.757,16.37,15.36,4.785,5.933,9.17,28.415,11,4.32,7.68,2.78,13.733,1.165,3.137,0.747,5.785,2.657,11.169,10.84,1.8,23.8,10.155,10.363,7.574,3.05,5.631,19.865,4.117,5.858,9.765,5.909,4.58,13.221,6.654,2.33,13.635,4.153,7.777,9.779,26.647,5.398,6.938,23.72,5.662,11.288,10.91,5.784,11.283,3.002,10.469,4.739,8.307,17.129,4.807,11.51,7.722,9.93,4.651,8.265,9.839,2.807,9.691,3.284,11.532,7.86,5.3,13.924,12.184,5.79,6.658,4.478,13.505,8.397,8.965,11.528,3.997,8.869,6.563,14.5,5.251,2.86,2.165,4.565,3.13,3.348,1.3,8.78,1.646,8.048,22.18,8.22,2.406,16.019,12.875,3.675,12.061,19.002,11.92,6.378,30.318,5.01,36.69,1.206,0.683,6.768,5.995,9.817,7.488,8.314,5.201,5.151,3.455,3.61,2.869,22.068,16.719,3.594,7.6,3.593,4.221,10.677,4.745,4.653,6.393,4.15,11.748,2.627,3.527,0.595,19.37,11.78,6.132,6.814,6.95,15.2,8.21,11.751,5.563,2.256,14.766,5.555,5.93,6.481,17.55,3.879,2.774,18.914,10.351,12.118,16.36,6.9,10.28,26.229,0.728,3.964,1.54,13.751,3.409,9.239,14.51,5.18,10.542,10.48,3.051,3.6,5.989,16.661,9.185,19.967,16.78,11.119,2.25,8.71,5.04,12.013,19.728,14.701,4.736
"2,004",2.964,7.914,16.306,10.666,16.267,13.522,5.969,5.399,7.99,29.288,9.57,4.294,7.363,3.475,12.037,1.094,3.179,0.79,5.886,2.618,10.072,10.2,2.49,21.754,9.443,10.601,7.185,2.973,5.56,19.883,4.316,5.93,10.162,5.088,4.49,13.717,6.445,1.854,13.493,4.77,8.298,10.727,26.602,5.204,6.303,17.65,5.002,10.248,10.32,5.674,11.09,2.771,10.358,4.7,8.914,17.104,4.594,12.62,6.757,9.897,4.757,8.166,10.628,2.971,7.7,3.28,11.279,6.74,5.99,13.664,13.458,5.832,7.303,4.491,13.029,8.551,8.736,10.3,4.031,7.866,6.562,14.619,4.734,2.836,2.26,4.571,3.079,3.42,1.7,8.4,1.503,7.85,20.97,8.38,2.412,16.121,10.684,5.113,11.708,18.873,10.83,6.374,30.315,3.952,37.161,1.36,0.678,6.852,4.905,9.696,7.317,8.337,6.256,4.958,3.937,3.54,2.958,22.09,16.31,3.556,6.41,4.646,4.256,10.68,4.005,4.756,6.171,4.71,11.697,2.524,3.554,0.588,19.074,10.31,6.319,6.513,7.719,18.5,7.763,11.78,5.822,2.015,14.788,6.693,5.84,6.017,18.206,3.42,2.77,18.846,9.49,12.142,16.12,6.8,9.518,26.695,0.679,3.999,1.51,13.364,3.498,8.367,14.23,3.944,10.838,8.33,3.104,2.706,5.529,12.98,8.126,19.524,15.07,10.772,2.14,8.465,5.165,12.131,19.634,15.327,4.39
"2,005",3.12,7.914,15.966,10.577,16.268,11.506,5.682,5.036,7.26,30.213,9.08,4.25,8.44,4,10.083,1.044,3.15,0.86,5.993,2.6,10.551,10.2,3.1,19.847,8.748,10.91,6.758,2.948,5.53,19.796,4.437,6.041,9.34,4.4,4.52,11.062,6.749,1.95,13.471,5.481,7.927,11.167,26.605,4.83,6.587,15.27,3.779,8.033,11.049,5.689,9.146,2.497,8.384,3.886,8.882,16.91,4.751,13.81,5.817,9.878,4.899,8.12,10.074,3.06,7,3.221,11.066,5.58,4.909,12.598,14.589,7.189,7.945,4.343,11.342,8.697,8.596,11.813,2.547,7.731,6.596,14.8,4.446,2.739,2.358,4.597,3.032,3.482,1.457,8.13,1.35,8.247,18.7,7.67,2.403,15.994,8.325,4.488,10.033,18.613,11.01,5.633,30.31,2.62,37.32,1.325,0.67,7.015,4.158,9.538,6.923,9.524,7.394,4.931,3.558,3.53,3.029,22.105,15.77,3.69,5.37,5.873,4.381,10.652,3.807,4.64,6.041,4.87,11.718,2.386,3.795,0.582,17.746,11.35,7.582,4.825,7.174,20.85,7.124,11.901,6.051,1.879,14.791,7.486,5.59,6.515,16.276,3.724,2.685,18.873,9.263,12.145,16.47,7.22,8.816,27.208,0.67,4.151,1.35,12.995,3.448,7.46,12.872,2.572,10.636,7.95,3.192,1.9,5.084,12.009,7.074,19.449,10.663,10.701,2.077,8.132,5.214,12.216,19.557,15.9,4.626
"2,006",2.959,7.918,15.626,10.491,16.121,10.078,5.32,4.785,6.62,31.11,8.73,3.591,8.246,3.67,8.951,1.039,3.185,0.888,6.076,2.576,9.692,7.54,3.13,17.782,8.064,9.39,6.484,3.173,5.46,19.593,3.995,6.04,9.024,3.73,4.43,11.091,5.926,1.913,13.408,4.593,7.141,10.25,26.528,3.897,5.655,12.27,3.55,5.915,10.49,5.683,8.452,2.346,7.719,3.957,8.833,17.792,5.35,13.57,4.897,10.196,4.958,8.024,8.906,2.95,7.4,3.204,10.7,4.77,3.575,11.13,15.914,7.494,7.551,4.415,10.707,8.614,8.434,11.519,2.83,6.777,6.619,14,4.192,2.678,2.462,4.622,2.997,3.254,1.3,7.79,1.198,8.669,16,6.5,2.274,16.02,5.78,4.731,7.03,18.744,9.67,4.26,24.843,2.945,36.392,1.384,0.669,7.193,3.822,9.287,6.798,9.04,8.478,4.95,3.566,3.32,3.027,21.861,15.238,3.718,5.31,5.002,3.399,10.659,3.857,4.391,5.849,4.17,11.766,2.286,4.052,0.582,13.841,11.01,7.649,5.277,7.27,20.85,7.055,11.669,6.254,1.915,14.783,7.066,4.48,5.957,13.395,3.9,2.755,18.9,9.096,12.137,16.65,6.57,8.17,27.689,0.716,4.229,1.22,12.627,3.46,6.577,12.51,1.09,10.227,6.27,3.299,2.27,4.623,10.844,6.026,19.15,8.606,10.169,2.045,8.006,5.323,12.349,19.425,13.232,4.763
"2,007",2.925,7.908,15.966,10.394,16.08,8.47,4.909,4.381,6.33,28.984,7.41,4.045,7.459,3.3,6.878,1.019,2.4,0.902,6.169,2.615,9.28,7.88,3.7,16.99,7.408,8.51,6.156,3.401,5.419,19.899,3.641,6.308,8.427,3.063,4.35,11.204,4.557,1.788,13.325,3.946,5.316,8.658,26.423,3.801,5.158,13.79,3.142,4.592,8.8,5.696,8.232,2.344,6.854,4.103,8.009,18.258,5.262,13.28,5.092,10.383,4.834,7.974,8.351,2.825,8.3,3.202,10.891,4.01,3.211,9.909,16.8,7.406,8.06,4.98,9.379,8.534,8.646,10.772,2.251,6.076,6.614,13.1,3.888,2.65,2.558,4.688,2.98,3.013,1.5,7.26,1.066,8.98,14,5.97,2.223,15.905,4.25,4.065,6.052,18.708,9.56,2.749,19.4,3.2,35.231,1.366,0.673,7.2,3.27,9.455,6.472,8.475,9.537,4.876,3.628,3.23,3.065,22.11,14.758,3.767,4.89,4.153,2.493,10.672,3.661,4.3,5.743,4.08,11.74,2.171,3.434,0.398,9.602,10.93,7.966,4.713,6.413,18.06,6.002,11.661,5.734,1.975,14.769,6.161,3.9,4.828,11.16,4.018,2.796,18.834,9.005,12.121,16.098,6.41,8.42,28.24,0.829,3.822,1.18,12.254,3.409,5.705,12.365,1.182,10.285,5.54,3.024,2.675,4.622,9.403,4.99,18.927,7.279,9.935,2.026,6.852,5.426,12.483,19.39,10.563,4.997
"2,008",2.805,7.92,13.06,10.657,16.17,7.837,4.198,4.242,5.86,23.405,8.12,4.516,6.976,3.497,5.61,1.024,1.634,0.892,6.272,2.603,8.268,8.18,3.833,16.315,6.735,8.18,6.284,3.625,5.372,19.954,3.35,6.404,9.285,3.385,4.59,11.273,4.934,1.583,13.331,3.756,4.393,7.525,26.299,3.683,4.764,11.33,3.917,5.455,8.517,5.647,11.255,2.333,6.369,4.182,7.386,19.197,5.615,17.87,5.142,10.041,4.844,7.943,7.664,2.874,8.889,3.218,11.111,3.56,3.156,8.53,16.194,7.817,7.209,6.774,7.704,8.486,8.467,10.63,2.946,6.723,6.666,12.7,4.002,2.752,2.639,4.699,2.906,2.959,1.75,6.63,0.941,7.665,12.72,5.22,2.211,15.812,5.826,5.06,7.739,18.953,9.57,2.097,17.15,3.428,33.93,1.394,0.684,5.565,2.999,9.681,5.977,7.17,10.515,4.801,3.874,3.32,3.095,22.004,14.368,3.771,6.2,3.654,2.55,10.65,4.167,4.142,5.704,4.03,11.759,2.168,3.72,0.423,7.118,11.48,7.553,4.415,5.788,13.67,6.205,11.601,5.085,1.996,14.8,6.235,3.96,4.379,9.514,4.14,2.813,18.88,8.832,12.15,15.573,5.88,10.94,27.847,0.904,3.286,1.18,11.869,3.367,4.846,12.444,1.254,10.965,4.63,2.775,3.049,5.784,8.026,4.89,18.79,6.245,10.008,1.889,5.658,5.538,12.647,19.507,7.93,5.374
"2,009",2.919,7.914,13.674,10.993,16.392,8.645,5.371,5.565,5.74,24.068,10.02,5,7.908,3.715,6.817,1.074,1.618,0.947,6.397,2.973,9.419,14.25,3.96,16.169,6.1,8.335,8.46,3.879,5.463,19.854,4.109,6.586,11.313,3.742,4.72,12.066,7.824,1.67,13.517,5.594,6.662,7.742,26.436,6.409,5.467,10.16,4.608,13.548,9.087,5.722,17.857,2.331,8.25,4.302,9.122,19.754,7.537,20.71,5.349,9.769,4.991,8.098,9.546,3.209,9.3,3.21,11.42,5.26,3.292,9.202,15.342,10.03,6.106,12.609,9.534,8.406,8.41,12.113,7.22,7.749,7.314,12.9,5.068,2.813,2.738,4.724,2.895,3.363,1.64,6.55,0.833,6.355,15.37,5.85,2.236,16.089,13.785,5.122,17.515,19.18,8.96,3.024,19.09,3.883,32.351,1.398,0.696,5.86,3.58,10.155,6.896,7.257,11.697,4.74,5.356,3.66,3.182,22.253,13.97,3.751,8.16,4.347,3.103,10.64,6.121,3.991,5.849,3.96,11.968,2.088,3.858,0.535,8.167,15,9.432,5.46,6.859,16.116,8.301,11.694,5.377,2.02,13,8.351,5.86,5.869,12.023,4.282,2.807,18.926,8.72,12.319,15.4,7.33,8.14,27.404,0.903,2.853,1.49,11.5,3.295,4,13.291,1.41,14.026,5.28,2.5,3.6,9.254,7.74,5.04,19.378,6.097,11.3,1.737,4.565,5.646,12.753,20.512,10.581,5.469
"2,010",2.789,7.914,14.086,11.279,16.598,7.714,4.883,5.214,5.63,27.312,10.69,3.379,8.293,3.723,10.279,1.13,1.612,1.04,6.476,2.609,8.424,14.431,3.32,17.86,6.054,8.424,8.178,4.096,5.585,19.379,4.808,6.614,8.547,4.11,4.53,11.153,7.171,2.5,10.67,6.36,7.281,6.967,26.469,7.747,5.212,9.96,4.088,16.707,8.757,5.839,19.86,2.299,8.394,4.342,9.279,20.39,7.787,20.203,5.384,9.673,5.129,8.292,12.719,3.497,8.2,3.197,11.758,4.329,4.119,11.62,15.255,11.172,5.614,14.534,8.48,8.318,8.262,13.679,7.564,8.363,7.63,12.5,5.103,2.793,2.856,4.692,2.825,3.324,1.82,5.77,0.708,6.77,17.116,4.784,2.266,16.044,17.814,4.361,19.482,19.208,9.09,2.972,19.649,4.28,33.135,1.382,0.707,6.549,2.84,10.054,6.861,7.654,10.851,4.787,5.303,3.39,3.24,22.12,13.95,3.739,7.83,4.989,3.521,10.629,6.557,3.925,5.873,3.6,12.143,2.002,3.605,0.653,9.637,16.1,10.771,4.569,6.959,19.204,7.369,11.7,5.55,1.622,15.156,8.61,4.12,7.248,14.387,4.427,2.798,18.973,7.15,12.35,14.66,4.893,8.61,26.753,0.873,2.385,0.622,10.844,3.301,4,13.049,1.517,11.879,4.033,3.029,3.619,9.633,7.158,5.36,19.951,7.112,11.501,1.114,4.683,5.62,12.778,23.181,13.19,5.456
"2,011",2.568,7.916,13.481,11.534,16.77,7.18,4.637,5.083,5.42,27.582,11.19,3.73,7.14,3.827,11.26,1.209,1.599,2.647,6.537,2.255,7.578,14.52,3.23,18.062,6.024,8.434,7.637,4.315,5.551,19.51,4.409,7.145,7.492,3.989,4.55,10.288,9.518,3.18,10.947,7.942,6.712,5.825,26.399,7.769,6.087,9.96,3.458,12.328,11.849,5.755,21.391,2.274,7.781,4.406,9.228,19.929,8.038,19.632,4.227,10.269,5.123,8.234,17.973,3.171,13.3,3.144,11.977,3.422,4.475,13.678,14.482,11.029,5.153,15.354,7.139,8.222,8.186,12.491,7.028,8.359,8.034,12.9,4.55,2.706,2.962,4.726,2.903,2.992,2.056,5.39,1.055,7.333,18.86,4.118,2.208,16.098,15.39,4.902,16.206,19.43,8.91,2.677,19.759,2.518,31.502,1.408,0.723,4.769,2.56,9.956,6.388,7.447,10.01,4.835,5.175,3.05,3.279,19.479,13.937,3.77,6.617,4.977,3.215,10.653,6.491,3.928,4.049,3.477,12.273,2.62,3.592,0.796,9.632,15.7,12.682,4.67,7.177,22.959,6.536,11.801,5.77,1.297,17.44,7.804,3.89,8.182,13.634,4.554,2.853,19.021,7.54,12.48,14.196,4.297,8.612,25.994,0.899,1.982,0.66,10.187,3.533,4.002,18.334,1.606,9.789,3.425,3.47,3.528,8.949,6.307,4.96,20.03,6.902,11.778,0.999,4.819,5.68,13.277,21.416,10.546,5.368
"2,012",2.266,7.909,13.376,11.704,16.557,7.217,4.909,5.225,5.19,28.01,11.59,4.075,7.542,3.852,12.27,1.2,1.591,2.415,6.615,2.066,7.251,14.02,2.05,17.949,5.97,8.38,7.392,4.485,5.52,19.573,4.491,7.223,6.79,3.837,4.58,9.959,9.11,3.46,11.137,12.097,6.979,5.379,26.252,7.798,6.722,10.97,3.235,10.021,12.597,5.649,24.788,2.255,7.689,4.375,9.841,19.713,7.885,19.653,3.141,10.346,4.891,8.116,24.731,2.765,12.2,3.207,12.231,3.285,3.755,15.935,14.1,11.003,4.468,15.451,6.762,8.156,7.965,12.275,6,10.655,8.695,12.2,4.358,2.686,3.07,4.767,2.92,2.812,2.234,5.29,1.398,7.91,19.06,3.88,2.138,15.733,13.365,5.14,15.047,19.03,8.99,2.19,19.808,0.599,31.096,1.49,0.742,3.905,1.97,9.865,6.203,7.472,9.142,4.951,4.892,3.1,3.305,16.771,14.053,3.76,5.208,5.821,3.123,10.654,6.931,3.727,3.717,3.238,12.146,2.627,3.504,3.667,10.088,14.5,15.531,4.086,6.794,24,5.436,11.72,5.622,0.987,17.068,7.976,3.72,8.852,13.966,4.56,3.887,19.078,8.1,12.754,13.59,3.843,13.8,25.118,0.893,2.028,0.58,9.519,3.767,3.997,17.63,1.647,9.21,3.718,3.223,3.551,8.069,6.451,4.87,19.846,6.601,11.84,1.027,4.949,8.752,13.44,21.786,7.85,5.057
"2,013",2.074,7.919,15.866,11.948,16.487,7.1,5.367,5.663,4.97,27.49,11.55,4.426,8.425,4.055,12.941,1.182,1.584,2.113,6.734,2.437,7.071,16.18,2.87,18.203,5.946,8.349,7.143,4.474,5.56,19.902,4.747,4.255,6.361,3.687,4.6,9.246,8.218,3.29,11.386,16.131,6.953,5.231,26.211,7.384,7.352,9.82,3.083,8.631,13.154,5.61,26.094,2.251,8.193,4.356,9.913,19.788,7.525,19.416,2.173,9.468,4.977,8.039,27.686,3.017,11.5,3.226,12.528,3.4,5.646,17.251,13.639,10.177,4.336,13.735,6.137,8.088,9.208,10.595,5.376,12.149,9.698,12.6,4.038,2.764,3.146,4.79,2.93,2.747,2.476,5.2,1.755,8.423,22.21,4.186,2.072,15.907,11.77,5.848,11.867,19.316,9.23,1.894,19.585,0.995,29.017,1.54,0.753,4.231,1.82,9.931,6.115,7.322,8.298,4.978,4.921,3.16,3.338,19.028,14.348,3.711,5.28,7.243,3.423,10.667,5.839,3.516,3.707,3.575,12.03,2.682,3.497,2.954,10.326,14.3,16.188,4.385,7.096,22.154,5.458,11.802,5.6,0.694,16.414,8.052,3.86,10.116,14.227,4.538,4.989,18.995,6.6,12.578,13.711,3.693,14.479,24.435,0.942,2.083,0.249,8.86,4.011,3.999,15.934,1.758,9.713,2.683,2.93,1.91,7.375,6.444,4.86,19.347,7.54,12.274,1.316,5.057,8.772,13.638,22.038,8.042,4.944
"2,014",1.962,7.915,18.055,12.201,16.401,7.268,5.674,6.078,4.91,27.517,12.17,4.406,8.523,4.254,11.424,1.146,1.572,1.892,6.862,2.021,6.755,13.8,2.63,18.518,5.911,8.244,7.023,4.446,5.685,19.781,4.826,3.275,6.761,3.534,4.63,8.799,8.499,2.7,11.67,16.277,6.108,4.981,26.217,6.925,6.719,10.207,3.48,7.352,13.105,5.652,24.442,2.364,8.663,4.325,10.273,19.922,6.11,17.439,4.412,8.224,5.108,8.044,26.708,2.717,7.6,3.316,12.887,3.296,7.078,17.29,13.766,7.725,4.049,11.858,5.789,7.992,10.59,10.68,4.897,12.683,9.046,11.9,3.589,2.768,3.253,4.88,2.883,3.082,2.9,5.06,2.117,8.796,21.592,4.157,2.079,16.056,10.698,5.852,10.846,19.298,9.7,1.451,18.054,1.385,28.215,1.492,0.749,4.798,1.67,10.03,5.737,7.467,7.461,4.966,4.819,2.88,3.378,18.521,14.59,3.903,4.52,7.416,3.484,10.647,5.428,3.43,4.415,3.208,11.886,2.524,3.6,1.827,8.99,13.9,13.897,5.034,6.802,19.223,5.16,11.858,5.877,0.728,15.558,7.954,3.74,9.692,11.537,4.678,5.842,18.847,6.94,12.462,13.619,4.154,14.768,23.817,0.926,2.142,0.576,8.206,4.228,4.011,14.259,1.924,9.901,2.477,2.125,2.404,6.168,6.547,5.09,19.229,6.821,12.36,1.256,5.15,8.72,13.467,22.606,8.131,4.774
"2,015",1.792,9.011,17.193,12.468,16.491,7.58,5.802,6.055,4.96,27.695,9.803,4.382,8.482,4.468,9.143,1.166,1.444,1.855,7.694,3.111,8.538,12,2.45,18.939,5.881,7.578,6.945,4.456,5.871,20.2,4.801,2.574,6.605,3.52,4.65,8.572,8.415,2.4,11.905,15.026,5.048,4.624,26.095,6.278,7.605,11.206,3.616,6.412,13.052,5.793,22.058,2.45,9.376,4.292,10.354,19.994,5.301,16.506,6.806,7.271,5.251,8.178,24.981,2.506,6.9,3.224,13.273,3.314,6.147,16.175,13.745,6.813,4.514,9.908,5.176,7.894,10.838,11.166,3.979,11.896,8.824,13.075,3.385,2.763,3.346,4.972,2.902,3.546,2.2,4.93,2.491,9.27,20.851,4.519,2.553,16.223,9.12,6.669,9.873,19.649,9.46,1.781,17.555,1.785,26.395,1.406,0.766,4.861,1.81,10.109,5.389,7.41,6.612,4.95,4.311,3.1,3.426,20.799,13.637,4.137,4.7,6.873,4.296,10.655,5.415,3.392,4.37,3.272,11.776,2.487,3.068,3.566,7.501,12,12.447,4.556,6.812,17.66,5.571,11.849,5.6,0.735,14.512,7.432,3.79,8.975,11.492,4.621,6.757,18.444,7.22,12.355,13.598,3.998,14.29,23.279,0.968,2.204,0.597,7.554,4.45,4.023,15.159,2.028,10.304,2.428,2.162,2.788,5.28,7.488,5.15,19.121,6.138,12.146,1.849,5.255,8.9,17.9,22.869,8.316,5.383
"2,016",1.64,10.1,15.418,12.732,16.58,8.083,6.064,5.711,5,25.408,8.247,4.35,7.83,4.594,7.575,1.195,1.356,1.835,8.521,3.498,11.58,12.7,2.737,19.343,5.844,7,7.038,4.548,5.904,20.524,4.918,1.896,6.926,3.534,4.56,8.922,8.085,2,12.075,13.006,3.952,4.122,25.999,5.989,7.284,10.202,4.597,6.882,12.45,5.83,19.635,2.566,8.818,4.32,10.057,20.165,4.81,16.604,5.237,6.299,5.019,8.232,23.514,2.583,5.4,3.192,13.563,3.392,6.727,13.103,13.888,5.115,4.301,8.374,4.723,7.8,10.82,12.618,2.978,11.688,8.634,15.275,3.132,2.757,3.466,5.042,2.925,3.65,2.16,4.96,2.88,9.76,19.928,4.243,3.081,16.139,7.862,6.291,9.643,19.5,9.3,1.591,17.732,1.944,24.312,1.367,1.043,7.235,1.939,10.286,4.694,6.814,5.77,5.003,3.853,3.44,3.48,23.352,12.714,4.498,3.9,6.006,4.679,10.684,5.147,3.266,4.758,3.741,11.699,2.453,2.695,2.286,6.161,11.8,11.068,5.255,5.901,15.257,5.559,11.805,5.6,0.735,13.812,6.99,4.08,8.007,9.679,4.312,4.455,18.372,7.917,12.876,13.65,4.418,13.867,22.718,1.044,2.963,0.688,6.9,4.657,4.034,15.557,2.048,10.899,3.207,2.237,3.167,4.869,7.841,5.16,19.01,5.319,12.247,1.848,5.262,9.062,18.382,24.023,8.418,5.893
"2,017",2.462,11.184,13.616,12.968,16.617,8.347,5.561,5.592,5,20.527,8.622,4.372,7.086,4.66,6.164,1.196,1.258,1.722,9.316,3.655,12.792,9.8,3.039,19.678,5.648,6.596,6.426,4.637,5.969,20.887,4.797,3.273,7.29,3.581,4.47,9.086,7.729,1.7,12.24,11.155,2.893,3.746,26.064,5.833,5.832,12,3.836,5.807,11.767,5.879,17.224,2.678,8.64,4.328,9.41,20.351,4.33,13.939,3.369,5.162,4.815,8.329,21.414,2.462,5.417,3.137,13.813,3.124,5.528,11.208,13.929,4.156,3.783,6.713,4.14,7.723,13.02,12.232,2.742,11.211,7.399,18.12,2.822,3.54,3.568,5.04,2.846,3.653,2.223,4.9,3.269,10.236,19.136,4.046,3.066,16.391,7.073,5.522,8.715,19.015,9.229,1.622,16.082,2.113,22.857,1.494,1.356,6.359,1.987,10.336,4.008,6.752,5.376,5.033,3.419,3.41,3.543,21.739,11.676,4.826,3.3,4.839,4.162,10.66,4.736,2.524,5.395,3.691,11.554,2.544,2.552,3.193,4.888,10.8,8.869,6.138,4.927,13.477,5.212,11.875,5.89,0.727,13.206,6.718,4.2,6.573,8.142,3.848,4.078,18.545,7.883,13.079,13.811,4.385,13.67,24.83,1.116,3.744,0.83,6.9,4.212,4.045,15.33,2.132,10.919,3.385,2.313,3.643,4.355,7.89,5.83,18.988,5.045,11.955,1.874,5.288,9.4,18.564,23.992,8.518,6.347
"2,018",2.236,11.206,12.304,13.212,16.599,9.221,4.933,5.3,4.9,18.4,8.322,4.532,5.948,4.695,5.212,1.202,1.157,1.473,8.7,3.519,12.33,10,3.35,19.679,4.763,7.899,5.837,4.661,5.896,20.938,4.713,2.851,7.647,3.619,4.31,9.36,9.01,1.7,12.17,8.504,2.246,3.384,26.18,5.131,5.861,12.15,3.53,5.412,9.855,5.758,15.255,2.825,7.361,4.34,9.018,20.502,3.996,12.667,3.251,4.127,4.771,8.256,19.179,2.283,5.447,3.196,14.019,2.805,5.622,8.432,13.937,3.709,4.387,5.741,3.917,7.652,13.509,12.195,2.704,10.61,5.47,18.257,2.467,4.284,3.673,5.018,2.784,3.824,2.198,4.85,2.896,10.741,19.329,4.318,3.057,16.637,6.147,5.585,7.412,18.836,9.282,1.239,15.19,2.289,21.208,1.62,0.767,5.377,1.834,10.438,3.665,6.427,4.959,5.003,3.275,3.3,3.602,19.877,11.702,5.065,5.2,3.831,3.8,10.63,4.335,1.8,5.218,3.492,11.553,2.604,2.338,4.083,3.846,9.2,6.994,6.217,4.187,12.733,4.846,10.759,6.029,0.723,12.605,6.365,3.613,5.116,6.544,3.193,3.567,18.783,7.685,12.918,13.878,4.006,13.554,26.983,1.135,2.903,0.766,6.898,3.732,4.051,15.459,2.248,10.956,3.49,2.409,3.42,3.896,8.336,5.391,18.968,5.463,12.137,1.161,5.326,9.512,17.644,24.218,5.031,6.792
"2,019",2.331,11.224,11.466,12.2,16.497,9.843,4.56,5.159,5,15.692,8.413,4.693,5.36,4.701,4.23,1.226,1.053,1.402,6.6,3.682,11.936,10.011,2.72,20.094,4.165,9.053,5.69,4.642,5.978,20.608,4.394,2.401,7.533,3.646,4.56,10.28,10.807,1.2,12.118,7.155,2.015,3.136,26.246,5.018,6.356,12.285,3.812,4.514,7.851,5.789,14.104,2.945,6.695,4.38,8.415,20.426,3.737,11.565,3.156,4.532,5.018,8.367,17.045,2.193,5.402,3.219,13.525,2.917,5.551,6.617,14.133,3.419,3.59,4.95,3.731,6.51,14.142,10.74,3.507,9.952,4.987,16.801,2.351,5.014,4.252,5.1,2.838,3.746,2.239,4.8,2.528,11.301,15.613,4.67,3.072,16.876,6.255,5.595,6.312,19.037,9.21,1.502,15.128,2.46,17.414,2.414,0.407,9.269,1.749,10.416,3.627,6.331,4.562,4.949,3.477,3.26,3.632,19.945,10.881,5.206,5.47,3.38,3.687,10.578,4.109,2.052,6.332,3.379,11.536,2.599,2.237,4.83,3.277,8.3,6.464,6.595,3.912,10.395,4.496,11.236,5.636,0.746,12.014,6.833,3.1,4.448,5.761,3.204,2.863,18.828,7.545,12.642,13.998,4.17,13.393,29.049,1.081,2.056,0.716,6.898,3.129,4.055,17.153,2.164,13.73,3.523,2.518,3.185,3.669,8.734,4.945,19.22,5.887,12.259,1.681,5.445,9.601,17.303,25.538,5.539,7.373
"2,020",4.294,11.71,12.79,12.18,16.676,11.461,5.201,6.456,7.24,15.868,9.756,5.828,5.555,4.985,5.125,1.767,1.03,1.565,7.409,7.903,13.697,12.804,5.03,21.017,4.049,10.7,9.657,5.369,6.556,22.373,4.817,2.559,11.006,3.866,5,15.983,16.432,1.4,14.66,7.755,2.551,3.856,27.645,5.637,6.126,14.04,6.127,6.956,7.974,6.307,15.532,4.024,7.759,4.623,8.01,21.273,4.472,11.73,3.285,5.858,5.993,9.075,15.899,2.953,6.227,3.614,15.701,5.808,10.679,7.507,15.56,4.25,4.255,5.623,4.169,7.859,15.776,9.687,5.478,9.164,6.501,19.213,2.809,5.621,4.63,5.884,3.029,3.931,3.535,4.89,2.314,13.235,25.225,5.365,4.092,18.351,8.487,6.773,8.098,19.535,11.203,1.206,17.878,3.246,16.575,3.528,1.476,6.594,2.566,11.01,4.357,8.627,5.404,5.681,4.441,4.54,3.877,20.966,13.558,5.712,6.167,3.819,4.422,13.157,4.595,2.94,14.183,7.179,12.879,2.814,2.522,6.162,3.162,8.89,6.796,7.548,5.035,9.011,5.589,11.829,7.45,0.852,12.368,8.291,4.1,4.974,6.719,3.485,3.405,19.35,8.726,14.204,15.183,5.008,15.176,34.232,1.693,2.211,1.099,7.176,2.792,4.489,17.576,2.675,13.148,4.206,2.781,3.914,8.055,10.33,5.293,20.563,7.53,14.836,2.103,4.046,10.214,17.972,24.339,6.032,8.621
"2,021",3.105,11.934,12.473,10.012,15.799,8.736,6.459,5.116,6.04,14.897,9.417,5.815,6.264,5.11,5.267,1.551,1.11,1.694,4.905,5.089,13.159,11.694,4.804,23.106,3.9,10.157,7.527,5.273,6.676,22.077,5.097,2.59,9.325,3.951,4.55,13.898,15.139,1.373,13.906,7.513,2.803,3.638,27.548,5.043,7.702,13.607,4.552,6.178,7.441,6.341,14.781,3.935,7.606,4.678,7.874,21.233,4.826,11.794,3.338,6.206,5.767,9.194,14.657,2.174,6.001,3.628,14.927,5.174,7.94,7.608,15.253,4.045,3.827,6.194,4.812,6.38,16.173,9.282,6.029,9.497,5.188,19.837,2.828,5.693,4.096,5.857,3.134,3.639,2.997,5.556,1.997,12.621,20.514,5.258,3.792,18.129,7.112,5.247,7.513,19.595,10.539,0.794,16.543,3.415,15.801,2.29,4.34,7.747,2.252,11.068,3.403,7.719,5.021,5.585,4.019,4.64,3.984,20.877,12.537,5.393,6.064,4.21,4.369,12.315,3.776,1.9,10.453,5.097,12.492,2.906,3.398,6.338,3.363,7.9,6.577,7.311,5.59,10.061,4.715,15.793,6.621,0.866,11.466,8.722,4.64,4.747,6.894,3.516,3.368,19.553,8.459,13.868,15.042,4.327,14.796,35.707,1.511,2.285,1.215,7.253,2.344,4.452,16.505,2.111,11.969,4.446,2.806,3.422,5.349,9.301,5.345,20.279,7.027,13.932,2.385,4.734,10.368,18.248,28.77,5.195,9.54
"2,022",2.873,14.1,11.588,8.608,14.693,6.805,4.992,3.701,5.65,12.657,8.493,5.247,5.558,5.348,4.268,1.326,0.919,1.473,5.191,3.552,9.231,9.87,5.947,23.615,3.574,8.724,5.28,4.585,6.337,20.261,4.3,2.434,8.299,3.687,4.98,10.547,11.325,1.254,12.272,6.807,2.224,3.135,26.367,4.434,5.504,12.437,3.761,5.571,7.344,5.941,12.917,3.493,6.719,4.481,7.308,20.501,3.73,11.657,3.084,6.082,5.328,8.746,12.426,3.051,5.527,3.204,12.423,4.318,7.037,6.96,14.719,3.609,3.462,4.479,3.695,4.822,15.588,9.085,3.789,8.069,4.083,18.2,2.6,5.805,4.055,5.854,2.965,2.857,2.124,4.86,1.209,11.599,15.934,6.33,2.99,16.668,5.956,4.585,6.815,19.319,9.53,0.909,15.288,3.186,14.477,3.09,2.83,6.211,2.476,10.602,2.929,6.322,4.424,5.051,3.256,3.93,3.621,19.748,11.291,3.827,4.978,3.524,3.233,10.922,3.297,1.514,8.202,3.85,11.911,2.689,2.598,5.548,2.886,6,6.011,6.755,5.614,8.684,3.867,15.085,5.589,1.579,7.53,7.392,3.591,4.013,6.143,3.194,2.968,19.128,8.232,12.395,14.115,2.999,13.813,37.852,1.104,2.065,0.94,6.981,1.537,4.121,15.301,2.354,10.432,4.383,2.609,2.93,3.65,7.877,4.535,19.51,5.747,12.669,1.535,5.171,9.923,17.515,28.838,5.993,10.087
"2,023",2.706,14.386,11.584,8.586,14.62,6.178,5.243,3.667,5.636,10.42,7.954,5.06,5.508,5.293,4.295,1.16,0.93,1.452,5.27,3.081,7.95,9.198,5.653,23.381,3.574,8.262,5.366,4.544,6.286,20.054,4.05,2.403,9.037,3.646,4.67,9.565,8.304,1.163,11.994,5.964,2.593,3.045,26.258,5.142,5.557,11.814,3.367,6.345,7.306,5.866,12.144,3.497,7.155,4.327,7.323,20.361,4.055,11.622,3.079,6.479,5.297,8.666,10.997,2.705,5.418,3.183,12.43,3.931,6.062,6.063,14.623,4.126,3.417,4.34,3.389,4.172,15.529,9.103,3.562,7.618,4.417,17.944,2.575,5.682,4.038,5.795,3.004,2.642,2.076,4.847,1.181,11.565,11.092,6.36,2.939,16.46,6.962,5.188,6.534,18.743,9.114,1.623,15.254,3.061,13.075,3.008,2.841,6.134,2.246,10.512,3.125,6.057,4.127,5.044,2.812,3.855,3.535,19.422,11.22,3.074,4.795,3.561,3.581,10.685,3.737,1.46,6.701,4.82,11.724,2.651,2.233,5.499,2.905,5.962,6.491,5.779,5.595,8.683,3.325,14.932,4.88,1.545,11.449,7.587,3.472,3.627,5.84,3.174,2.93,19.027,7.704,12.271,14.208,2.758,13.544,37.636,1.082,2.048,0.913,6.981,1.523,4.12,15.106,2.303,9.412,4.206,2.607,2.831,3.625,8.354,4.526,18.674,5.528,12.087,1.602,5.099,9.747,17.215,27.988,5.913,8.759
